test-1	FALSE	TRUE
test-2	TRUE	FALSE
test-3	FALSE	FALSE
test-4	FALSE	TRUE
test-5	TRUE	TRUE
test-6	FALSE	TRUE
test-7	TRUE	TRUE
test-8	FALSE	FALSE
test-9	TRUE	FALSE
test-10	TRUE	TRUE
test-11	FALSE	TRUE
test-12	FALSE	TRUE
test-13	TRUE	TRUE
test-14	FALSE	TRUE
test-15	TRUE	FALSE
test-16	TRUE	FALSE
test-17	TRUE	FALSE
test-18	FALSE	TRUE
test-19	TRUE	FALSE
test-20	FALSE	TRUE
test-21	TRUE	FALSE
test-22	FALSE	TRUE
test-23	TRUE	FALSE
test-24	TRUE	FALSE
test-25	TRUE	FALSE
test-26	FALSE	TRUE
test-27	TRUE	TRUE
test-28	FALSE	FALSE
test-29	FALSE	FALSE
test-30	TRUE	TRUE
test-31	TRUE	TRUE
test-32	FALSE	TRUE
test-33	FALSE	FALSE
test-34	TRUE	FALSE
test-35	TRUE	FALSE
test-36	FALSE	FALSE
test-37	FALSE	FALSE
test-38	FALSE	FALSE
test-39	TRUE	TRUE
test-40	TRUE	FALSE
test-41	TRUE	FALSE
test-42	FALSE	FALSE
test-43	FALSE	FALSE
test-44	FALSE	TRUE
test-45	FALSE	FALSE
test-46	FALSE	TRUE
test-47	FALSE	FALSE
test-48	TRUE	FALSE
test-49	FALSE	FALSE
test-50	FALSE	TRUE
test-51	FALSE	TRUE
test-52	TRUE	FALSE
test-53	TRUE	TRUE
test-54	FALSE	TRUE
test-55	FALSE	FALSE
test-56	FALSE	FALSE
test-57	TRUE	TRUE
test-58	FALSE	TRUE
test-59	TRUE	TRUE
test-60	FALSE	TRUE
test-61	TRUE	FALSE
test-62	TRUE	FALSE
test-63	TRUE	FALSE
test-64	TRUE	FALSE
test-65	TRUE	FALSE
test-66	FALSE	FALSE
test-67	TRUE	FALSE
test-68	FALSE	FALSE
test-69	TRUE	FALSE
test-70	FALSE	TRUE
test-71	TRUE	FALSE
test-72	FALSE	FALSE
test-73	TRUE	FALSE
test-74	TRUE	TRUE
test-75	FALSE	TRUE
test-76	FALSE	TRUE
test-77	TRUE	FALSE
test-78	FALSE	FALSE
test-79	FALSE	FALSE
test-80	FALSE	FALSE
test-81	FALSE	FALSE
test-82	FALSE	TRUE
test-83	FALSE	FALSE
test-84	TRUE	FALSE
test-85	FALSE	TRUE
test-86	TRUE	FALSE
test-87	TRUE	FALSE
test-88	TRUE	FALSE
test-89	TRUE	FALSE
test-90	TRUE	TRUE
test-91	FALSE	TRUE
test-92	FALSE	FALSE
test-93	FALSE	FALSE
test-94	TRUE	FALSE
test-95	TRUE	FALSE
test-96	TRUE	FALSE
test-97	FALSE	FALSE
test-98	TRUE	TRUE
test-99	FALSE	FALSE
test-100	FALSE	FALSE
test-101	FALSE	TRUE
test-102	TRUE	TRUE
test-103	FALSE	TRUE
test-104	TRUE	FALSE
test-105	FALSE	FALSE
test-106	FALSE	FALSE
test-107	FALSE	TRUE
test-108	TRUE	TRUE
test-109	FALSE	FALSE
test-110	FALSE	FALSE
test-111	FALSE	TRUE
test-112	FALSE	FALSE
test-113	FALSE	FALSE
test-114	FALSE	FALSE
test-115	FALSE	FALSE
test-116	TRUE	FALSE
test-117	TRUE	TRUE
test-118	FALSE	FALSE
test-119	FALSE	FALSE
test-120	TRUE	TRUE
test-121	TRUE	TRUE
test-122	TRUE	FALSE
test-123	FALSE	FALSE
test-124	FALSE	FALSE
test-125	FALSE	FALSE
test-126	TRUE	FALSE
test-127	FALSE	FALSE
test-128	FALSE	TRUE
test-129	FALSE	FALSE
test-130	FALSE	FALSE
test-131	FALSE	TRUE
test-132	FALSE	TRUE
test-133	TRUE	TRUE
test-134	FALSE	TRUE
test-135	FALSE	FALSE
test-136	TRUE	FALSE
test-137	FALSE	FALSE
test-138	TRUE	FALSE
test-139	TRUE	FALSE
test-140	TRUE	TRUE
test-141	TRUE	TRUE
test-142	FALSE	FALSE
test-143	TRUE	FALSE
test-144	FALSE	FALSE
test-145	FALSE	FALSE
test-146	FALSE	FALSE
test-147	TRUE	FALSE
test-148	TRUE	FALSE
test-149	FALSE	FALSE
test-150	FALSE	FALSE
test-151	TRUE	FALSE
test-152	TRUE	FALSE
test-153	FALSE	TRUE
test-154	FALSE	FALSE
test-155	FALSE	FALSE
test-156	TRUE	FALSE
test-157	FALSE	TRUE
test-158	FALSE	FALSE
test-159	FALSE	FALSE
test-160	FALSE	FALSE
test-161	FALSE	FALSE
test-162	TRUE	FALSE
test-163	TRUE	FALSE
test-164	TRUE	TRUE
test-165	TRUE	FALSE
test-166	TRUE	FALSE
test-167	FALSE	FALSE
test-168	TRUE	FALSE
test-169	FALSE	FALSE
test-170	FALSE	FALSE
test-171	FALSE	TRUE
test-172	FALSE	FALSE
test-173	TRUE	FALSE
test-174	TRUE	TRUE
test-175	FALSE	FALSE
test-176	TRUE	FALSE
test-177	TRUE	FALSE
test-178	TRUE	TRUE
test-179	TRUE	FALSE
test-180	TRUE	FALSE
test-181	FALSE	TRUE
test-182	FALSE	FALSE
test-183	FALSE	FALSE
test-184	TRUE	TRUE
test-185	TRUE	TRUE
test-186	TRUE	TRUE
test-187	FALSE	FALSE
test-188	FALSE	FALSE
test-189	FALSE	FALSE
test-190	FALSE	TRUE
test-191	FALSE	FALSE
test-192	FALSE	FALSE
test-193	TRUE	TRUE
test-194	FALSE	FALSE
test-195	FALSE	FALSE
test-196	FALSE	TRUE
test-197	FALSE	FALSE
test-198	FALSE	FALSE
test-199	FALSE	TRUE
test-200	TRUE	FALSE
test-201	TRUE	TRUE
test-202	FALSE	FALSE
test-203	FALSE	TRUE
test-204	FALSE	FALSE
test-205	TRUE	FALSE
test-206	FALSE	TRUE
test-207	TRUE	TRUE
test-208	FALSE	FALSE
test-209	FALSE	FALSE
test-210	TRUE	FALSE
test-211	FALSE	TRUE
test-212	TRUE	FALSE
test-213	FALSE	TRUE
test-214	TRUE	FALSE
test-215	FALSE	TRUE
test-216	FALSE	FALSE
test-217	FALSE	TRUE
test-218	TRUE	FALSE
test-219	FALSE	FALSE
test-220	FALSE	FALSE
test-221	FALSE	TRUE
test-222	TRUE	FALSE
test-223	TRUE	FALSE
test-224	FALSE	TRUE
test-225	FALSE	FALSE
test-226	TRUE	TRUE
test-227	TRUE	TRUE
test-228	FALSE	FALSE
test-229	FALSE	TRUE
test-230	TRUE	FALSE
test-231	TRUE	TRUE
test-232	FALSE	FALSE
test-233	TRUE	FALSE
test-234	FALSE	TRUE
test-235	FALSE	FALSE
test-236	FALSE	FALSE
test-237	TRUE	FALSE
test-238	FALSE	FALSE
test-239	FALSE	FALSE
test-240	FALSE	TRUE
test-241	FALSE	FALSE
test-242	FALSE	FALSE
test-243	TRUE	FALSE
test-244	TRUE	TRUE
test-245	TRUE	TRUE
test-246	FALSE	TRUE
test-247	FALSE	FALSE
test-248	FALSE	FALSE
test-249	TRUE	FALSE
test-250	FALSE	TRUE
test-251	FALSE	FALSE
test-252	TRUE	FALSE
test-253	FALSE	FALSE
test-254	FALSE	FALSE
test-255	TRUE	FALSE
test-256	TRUE	TRUE
test-257	TRUE	TRUE
test-258	TRUE	FALSE
test-259	FALSE	FALSE
test-260	FALSE	TRUE
test-261	FALSE	TRUE
test-262	FALSE	FALSE
test-263	TRUE	TRUE
test-264	FALSE	FALSE
test-265	FALSE	FALSE
test-266	FALSE	FALSE
test-267	FALSE	FALSE
test-268	FALSE	FALSE
test-269	FALSE	TRUE
test-270	TRUE	TRUE
test-271	FALSE	FALSE
test-272	FALSE	FALSE
test-273	FALSE	FALSE
test-274	FALSE	TRUE
test-275	FALSE	FALSE
test-276	TRUE	TRUE
test-277	TRUE	FALSE
test-278	TRUE	FALSE
test-279	TRUE	TRUE
test-280	FALSE	FALSE
test-281	FALSE	FALSE
test-282	FALSE	FALSE
test-283	FALSE	TRUE
test-284	FALSE	TRUE
test-285	FALSE	FALSE
test-286	TRUE	FALSE
test-287	TRUE	FALSE
test-288	FALSE	FALSE
test-289	FALSE	FALSE
test-290	TRUE	FALSE
test-291	TRUE	FALSE
test-292	TRUE	FALSE
test-293	TRUE	TRUE
test-294	TRUE	FALSE
test-295	FALSE	FALSE
test-296	FALSE	FALSE
test-297	TRUE	FALSE
test-298	TRUE	TRUE
test-299	TRUE	TRUE
test-300	TRUE	TRUE
test-301	FALSE	FALSE
test-302	FALSE	FALSE
test-303	FALSE	TRUE
test-304	FALSE	TRUE
test-305	FALSE	TRUE
test-306	FALSE	FALSE
test-307	FALSE	TRUE
test-308	TRUE	FALSE
test-309	FALSE	FALSE
test-310	FALSE	FALSE
test-311	FALSE	TRUE
test-312	FALSE	TRUE
test-313	FALSE	FALSE
test-314	TRUE	TRUE
test-315	TRUE	FALSE
test-316	FALSE	FALSE
test-317	FALSE	TRUE
test-318	TRUE	FALSE
test-319	FALSE	TRUE
test-320	TRUE	TRUE
test-321	TRUE	TRUE
test-322	FALSE	FALSE
test-323	FALSE	FALSE
test-324	FALSE	TRUE
test-325	TRUE	FALSE
test-326	TRUE	TRUE
test-327	FALSE	TRUE
test-328	FALSE	TRUE
test-329	TRUE	FALSE
test-330	TRUE	FALSE
test-331	FALSE	TRUE
test-332	TRUE	TRUE
test-333	TRUE	TRUE
test-334	TRUE	FALSE
test-335	TRUE	TRUE
test-336	TRUE	FALSE
test-337	FALSE	TRUE
test-338	TRUE	TRUE
test-339	FALSE	FALSE
test-340	FALSE	TRUE
test-341	FALSE	TRUE
test-342	TRUE	FALSE
test-343	FALSE	FALSE
test-344	TRUE	FALSE
test-345	TRUE	FALSE
test-346	TRUE	FALSE
test-347	FALSE	TRUE
test-348	TRUE	TRUE
test-349	FALSE	TRUE
test-350	FALSE	FALSE
test-351	TRUE	TRUE
test-352	FALSE	TRUE
test-353	FALSE	TRUE
test-354	TRUE	TRUE
test-355	FALSE	FALSE
test-356	FALSE	FALSE
test-357	TRUE	TRUE
test-358	FALSE	TRUE
test-359	TRUE	FALSE
test-360	FALSE	FALSE
test-361	FALSE	FALSE
test-362	FALSE	TRUE
test-363	TRUE	FALSE
test-364	TRUE	FALSE
test-365	TRUE	TRUE
test-366	FALSE	FALSE
test-367	FALSE	TRUE
test-368	FALSE	FALSE
test-369	TRUE	TRUE
test-370	TRUE	FALSE
test-371	FALSE	TRUE
test-372	FALSE	TRUE
test-373	TRUE	TRUE
test-374	FALSE	FALSE
test-375	TRUE	FALSE
test-376	TRUE	TRUE
test-377	FALSE	TRUE
test-378	FALSE	FALSE
test-379	FALSE	TRUE
test-380	TRUE	FALSE
test-381	TRUE	TRUE
test-382	TRUE	FALSE
test-383	FALSE	TRUE
test-384	TRUE	FALSE
test-385	FALSE	FALSE
test-386	FALSE	FALSE
test-387	FALSE	FALSE
test-388	FALSE	TRUE
test-389	TRUE	TRUE
test-390	FALSE	FALSE
test-391	TRUE	FALSE
test-392	TRUE	FALSE
test-393	FALSE	FALSE
test-394	TRUE	FALSE
test-395	TRUE	FALSE
test-396	FALSE	FALSE
test-397	FALSE	TRUE
test-398	TRUE	FALSE
test-399	TRUE	FALSE
test-400	FALSE	TRUE
test-401	FALSE	FALSE
test-402	TRUE	FALSE
test-403	TRUE	FALSE
test-404	FALSE	TRUE
test-405	FALSE	TRUE
test-406	FALSE	TRUE
test-407	FALSE	TRUE
test-408	FALSE	FALSE
test-409	FALSE	FALSE
test-410	FALSE	FALSE
test-411	FALSE	FALSE
test-412	FALSE	TRUE
test-413	FALSE	FALSE
test-414	FALSE	FALSE
test-415	TRUE	FALSE
test-416	TRUE	FALSE
test-417	FALSE	FALSE
test-418	TRUE	FALSE
test-419	TRUE	TRUE
test-420	TRUE	FALSE
test-421	FALSE	TRUE
test-422	FALSE	FALSE
test-423	FALSE	FALSE
test-424	FALSE	TRUE
test-425	FALSE	TRUE
test-426	FALSE	TRUE
test-427	FALSE	TRUE
test-428	FALSE	TRUE
test-429	TRUE	TRUE
test-430	TRUE	TRUE
test-431	TRUE	FALSE
test-432	TRUE	TRUE
test-433	TRUE	TRUE
test-434	FALSE	TRUE
test-435	FALSE	FALSE
test-436	FALSE	FALSE
test-437	FALSE	FALSE
test-438	FALSE	TRUE
test-439	FALSE	TRUE
test-440	FALSE	FALSE
test-441	TRUE	FALSE
test-442	TRUE	TRUE
test-443	TRUE	TRUE
test-444	FALSE	FALSE
test-445	TRUE	FALSE
test-446	TRUE	TRUE
test-447	TRUE	FALSE
test-448	FALSE	FALSE
test-449	FALSE	TRUE
test-450	TRUE	FALSE
test-451	FALSE	FALSE
test-452	FALSE	FALSE
test-453	TRUE	FALSE
test-454	TRUE	FALSE
test-455	FALSE	FALSE
test-456	FALSE	FALSE
test-457	TRUE	TRUE
test-458	TRUE	FALSE
test-459	FALSE	FALSE
test-460	FALSE	TRUE
test-461	TRUE	FALSE
test-462	FALSE	TRUE
test-463	FALSE	FALSE
test-464	TRUE	TRUE
test-465	TRUE	FALSE
test-466	TRUE	FALSE
test-467	FALSE	FALSE
test-468	FALSE	FALSE
test-469	TRUE	FALSE
test-470	TRUE	FALSE
test-471	FALSE	TRUE
test-472	FALSE	TRUE
test-473	TRUE	FALSE
test-474	FALSE	TRUE
test-475	FALSE	TRUE
test-476	FALSE	TRUE
test-477	TRUE	TRUE
test-478	TRUE	FALSE
test-479	TRUE	FALSE
test-480	FALSE	FALSE
test-481	TRUE	FALSE
test-482	TRUE	FALSE
test-483	FALSE	FALSE
test-484	FALSE	FALSE
test-485	FALSE	TRUE
test-486	FALSE	FALSE
test-487	TRUE	TRUE
test-488	TRUE	FALSE
test-489	FALSE	FALSE
test-490	FALSE	TRUE
test-491	FALSE	FALSE
test-492	FALSE	TRUE
test-493	FALSE	FALSE
test-494	TRUE	FALSE
test-495	FALSE	FALSE
test-496	FALSE	FALSE
test-497	TRUE	FALSE
test-498	FALSE	TRUE
test-499	FALSE	FALSE
test-500	FALSE	TRUE
test-501	TRUE	FALSE
test-502	FALSE	TRUE
test-503	FALSE	TRUE
test-504	FALSE	FALSE
test-505	FALSE	FALSE
test-506	FALSE	FALSE
test-507	FALSE	TRUE
test-508	TRUE	FALSE
test-509	FALSE	FALSE
test-510	FALSE	FALSE
test-511	FALSE	TRUE
test-512	FALSE	FALSE
test-513	FALSE	FALSE
test-514	FALSE	FALSE
test-515	FALSE	TRUE
test-516	FALSE	FALSE
test-517	FALSE	FALSE
test-518	FALSE	FALSE
test-519	FALSE	TRUE
test-520	FALSE	TRUE
test-521	FALSE	FALSE
test-522	FALSE	FALSE
test-523	FALSE	TRUE
test-524	FALSE	FALSE
test-525	FALSE	FALSE
test-526	TRUE	TRUE
test-527	TRUE	FALSE
test-528	TRUE	FALSE
test-529	FALSE	FALSE
test-530	FALSE	FALSE
test-531	FALSE	FALSE
test-532	FALSE	FALSE
test-533	FALSE	FALSE
test-534	FALSE	TRUE
test-535	FALSE	FALSE
test-536	TRUE	FALSE
test-537	FALSE	FALSE
test-538	FALSE	FALSE
test-539	FALSE	FALSE
test-540	TRUE	FALSE
test-541	FALSE	FALSE
test-542	TRUE	FALSE
test-543	FALSE	FALSE
test-544	FALSE	FALSE
test-545	TRUE	FALSE
test-546	FALSE	FALSE
test-547	TRUE	FALSE
test-548	FALSE	TRUE
test-549	FALSE	TRUE
test-550	FALSE	FALSE
test-551	FALSE	TRUE
test-552	FALSE	TRUE
test-553	FALSE	FALSE
test-554	FALSE	TRUE
test-555	TRUE	FALSE
test-556	FALSE	FALSE
test-557	FALSE	FALSE
test-558	FALSE	TRUE
test-559	FALSE	TRUE
test-560	FALSE	FALSE
test-561	TRUE	FALSE
test-562	FALSE	FALSE
test-563	FALSE	TRUE
test-564	TRUE	TRUE
test-565	FALSE	TRUE
test-566	TRUE	FALSE
test-567	TRUE	TRUE
test-568	TRUE	FALSE
test-569	TRUE	FALSE
test-570	FALSE	TRUE
test-571	FALSE	FALSE
test-572	TRUE	FALSE
test-573	FALSE	FALSE
test-574	TRUE	TRUE
test-575	FALSE	FALSE
test-576	TRUE	FALSE
test-577	TRUE	FALSE
test-578	TRUE	FALSE
test-579	FALSE	FALSE
test-580	TRUE	FALSE
test-581	FALSE	FALSE
test-582	TRUE	FALSE
test-583	FALSE	FALSE
test-584	TRUE	TRUE
test-585	TRUE	TRUE
test-586	FALSE	FALSE
test-587	TRUE	FALSE
test-588	TRUE	FALSE
test-589	FALSE	TRUE
test-590	TRUE	FALSE
test-591	TRUE	TRUE
test-592	FALSE	TRUE
test-593	TRUE	FALSE
test-594	FALSE	FALSE
test-595	TRUE	TRUE
test-596	FALSE	FALSE
test-597	FALSE	TRUE
test-598	TRUE	FALSE
test-599	FALSE	FALSE
test-600	TRUE	FALSE
test-601	TRUE	TRUE
test-602	TRUE	FALSE
test-603	FALSE	TRUE
test-604	TRUE	FALSE
test-605	FALSE	FALSE
test-606	FALSE	TRUE
test-607	FALSE	TRUE
test-608	TRUE	TRUE
test-609	FALSE	FALSE
test-610	FALSE	FALSE
test-611	TRUE	TRUE
test-612	TRUE	FALSE
test-613	FALSE	TRUE
test-614	FALSE	TRUE
test-615	FALSE	FALSE
test-616	FALSE	FALSE
test-617	TRUE	TRUE
test-618	TRUE	TRUE
test-619	TRUE	TRUE
test-620	TRUE	FALSE
test-621	FALSE	TRUE
test-622	TRUE	FALSE
test-623	FALSE	TRUE
test-624	TRUE	FALSE
test-625	FALSE	FALSE
test-626	FALSE	FALSE
test-627	FALSE	FALSE
test-628	FALSE	TRUE
test-629	TRUE	FALSE
test-630	FALSE	TRUE
test-631	FALSE	FALSE
test-632	FALSE	TRUE
test-633	TRUE	TRUE
test-634	TRUE	TRUE
test-635	FALSE	FALSE
test-636	TRUE	TRUE
test-637	FALSE	FALSE
test-638	FALSE	FALSE
test-639	FALSE	TRUE
test-640	FALSE	FALSE
test-641	FALSE	TRUE
test-642	FALSE	TRUE
test-643	FALSE	TRUE
test-644	FALSE	FALSE
test-645	TRUE	TRUE
test-646	TRUE	TRUE
test-647	TRUE	FALSE
test-648	TRUE	FALSE
test-649	TRUE	FALSE
test-650	FALSE	FALSE
test-651	TRUE	TRUE
test-652	FALSE	TRUE
test-653	TRUE	FALSE
test-654	FALSE	TRUE
test-655	FALSE	TRUE
test-656	TRUE	FALSE
test-657	FALSE	TRUE
test-658	TRUE	FALSE
test-659	FALSE	FALSE
test-660	FALSE	FALSE
test-661	TRUE	FALSE
test-662	TRUE	FALSE
test-663	FALSE	TRUE
test-664	FALSE	FALSE
test-665	FALSE	FALSE
test-666	FALSE	FALSE
test-667	FALSE	FALSE
test-668	FALSE	FALSE
test-669	FALSE	FALSE
test-670	FALSE	FALSE
test-671	TRUE	FALSE
test-672	TRUE	FALSE
test-673	FALSE	TRUE
test-674	TRUE	FALSE
test-675	FALSE	TRUE
test-676	FALSE	FALSE
test-677	FALSE	FALSE
test-678	TRUE	FALSE
test-679	TRUE	FALSE
test-680	TRUE	TRUE
test-681	FALSE	TRUE
test-682	FALSE	TRUE
test-683	FALSE	FALSE
test-684	FALSE	FALSE
test-685	FALSE	FALSE
test-686	TRUE	TRUE
test-687	FALSE	TRUE
test-688	TRUE	FALSE
test-689	FALSE	FALSE
test-690	TRUE	FALSE
test-691	TRUE	FALSE
test-692	FALSE	TRUE
test-693	FALSE	FALSE
test-694	TRUE	FALSE
test-695	FALSE	TRUE
test-696	FALSE	FALSE
test-697	FALSE	TRUE
test-698	FALSE	FALSE
test-699	FALSE	FALSE
test-700	FALSE	FALSE
test-701	TRUE	FALSE
test-702	FALSE	TRUE
test-703	TRUE	FALSE
test-704	FALSE	FALSE
test-705	FALSE	FALSE
test-706	TRUE	FALSE
test-707	TRUE	FALSE
test-708	TRUE	FALSE
test-709	FALSE	TRUE
test-710	FALSE	TRUE
test-711	FALSE	FALSE
test-712	TRUE	FALSE
test-713	FALSE	TRUE
test-714	FALSE	TRUE
test-715	TRUE	FALSE
test-716	TRUE	TRUE
test-717	TRUE	FALSE
test-718	TRUE	FALSE
test-719	TRUE	TRUE
test-720	FALSE	FALSE
test-721	FALSE	FALSE
test-722	FALSE	TRUE
test-723	FALSE	FALSE
test-724	FALSE	FALSE
test-725	TRUE	FALSE
test-726	TRUE	FALSE
test-727	FALSE	TRUE
test-728	TRUE	TRUE
test-729	FALSE	FALSE
test-730	FALSE	FALSE
test-731	TRUE	FALSE
test-732	FALSE	TRUE
test-733	FALSE	FALSE
test-734	FALSE	FALSE
test-735	TRUE	FALSE
test-736	TRUE	FALSE
test-737	TRUE	FALSE
test-738	FALSE	TRUE
test-739	FALSE	FALSE
test-740	FALSE	FALSE
test-741	TRUE	TRUE
test-742	FALSE	FALSE
test-743	FALSE	TRUE
test-744	TRUE	FALSE
test-745	FALSE	TRUE
test-746	FALSE	FALSE
test-747	TRUE	FALSE
test-748	FALSE	TRUE
test-749	TRUE	FALSE
test-750	FALSE	FALSE
test-751	FALSE	TRUE
test-752	FALSE	FALSE
test-753	TRUE	TRUE
test-754	TRUE	TRUE
test-755	FALSE	TRUE
test-756	FALSE	TRUE
test-757	FALSE	FALSE
test-758	FALSE	TRUE
test-759	TRUE	FALSE
test-760	FALSE	TRUE
test-761	FALSE	FALSE
test-762	TRUE	FALSE
test-763	TRUE	TRUE
test-764	FALSE	FALSE
test-765	TRUE	TRUE
test-766	TRUE	TRUE
test-767	FALSE	TRUE
test-768	TRUE	FALSE
test-769	TRUE	FALSE
test-770	TRUE	FALSE
test-771	FALSE	FALSE
test-772	FALSE	TRUE
test-773	FALSE	FALSE
test-774	TRUE	TRUE
test-775	FALSE	TRUE
test-776	FALSE	TRUE
test-777	TRUE	FALSE
test-778	FALSE	FALSE
test-779	TRUE	FALSE
test-780	FALSE	FALSE
test-781	FALSE	FALSE
test-782	FALSE	FALSE
test-783	FALSE	FALSE
test-784	TRUE	FALSE
test-785	FALSE	FALSE
test-786	TRUE	FALSE
test-787	FALSE	FALSE
test-788	TRUE	FALSE
test-789	FALSE	FALSE
test-790	FALSE	TRUE
test-791	TRUE	FALSE
test-792	TRUE	FALSE
test-793	FALSE	TRUE
test-794	FALSE	TRUE
test-795	FALSE	FALSE
test-796	FALSE	FALSE
test-797	FALSE	FALSE
test-798	TRUE	FALSE
test-799	TRUE	FALSE
test-800	FALSE	FALSE
test-801	FALSE	TRUE
test-802	FALSE	TRUE
test-803	FALSE	TRUE
test-804	TRUE	TRUE
test-805	FALSE	FALSE
test-806	FALSE	FALSE
test-807	FALSE	TRUE
test-808	FALSE	FALSE
test-809	FALSE	FALSE
test-810	TRUE	TRUE
test-811	FALSE	TRUE
test-812	TRUE	TRUE
test-813	FALSE	FALSE
test-814	FALSE	TRUE
test-815	TRUE	TRUE
test-816	FALSE	TRUE
test-817	TRUE	FALSE
test-818	TRUE	TRUE
test-819	TRUE	TRUE
test-820	TRUE	FALSE
test-821	TRUE	FALSE
test-822	TRUE	FALSE
test-823	TRUE	TRUE
test-824	FALSE	TRUE
test-825	FALSE	TRUE
test-826	TRUE	FALSE
test-827	FALSE	FALSE
test-828	TRUE	TRUE
test-829	TRUE	FALSE
test-830	FALSE	FALSE
test-831	TRUE	TRUE
test-832	FALSE	FALSE
test-833	FALSE	FALSE
test-834	FALSE	FALSE
test-835	FALSE	FALSE
test-836	TRUE	TRUE
test-837	FALSE	FALSE
test-838	TRUE	TRUE
test-839	FALSE	TRUE
test-840	TRUE	TRUE
test-841	TRUE	TRUE
test-842	FALSE	TRUE
test-843	TRUE	FALSE
test-844	TRUE	TRUE
test-845	TRUE	FALSE
test-846	FALSE	TRUE
test-847	FALSE	TRUE
test-848	FALSE	FALSE
test-849	FALSE	FALSE
test-850	TRUE	FALSE
test-851	FALSE	TRUE
test-852	TRUE	TRUE
test-853	FALSE	TRUE
test-854	TRUE	TRUE
test-855	FALSE	TRUE
test-856	TRUE	FALSE
test-857	TRUE	FALSE
test-858	FALSE	TRUE
test-859	TRUE	TRUE
test-860	FALSE	FALSE
test-861	FALSE	TRUE
test-862	FALSE	TRUE
test-863	FALSE	TRUE
test-864	TRUE	FALSE
test-865	TRUE	FALSE
test-866	FALSE	TRUE
test-867	FALSE	TRUE
test-868	FALSE	TRUE
test-869	FALSE	FALSE
test-870	FALSE	FALSE
test-871	FALSE	FALSE
test-872	TRUE	FALSE
test-873	FALSE	FALSE
test-874	TRUE	FALSE
test-875	FALSE	TRUE
test-876	FALSE	TRUE
test-877	FALSE	TRUE
test-878	FALSE	FALSE
test-879	TRUE	TRUE
test-880	TRUE	FALSE
test-881	TRUE	TRUE
test-882	TRUE	FALSE
test-883	TRUE	TRUE
test-884	TRUE	TRUE
test-885	FALSE	FALSE
test-886	FALSE	FALSE
test-887	TRUE	TRUE
test-888	FALSE	TRUE
test-889	FALSE	TRUE
test-890	FALSE	FALSE
test-891	TRUE	FALSE
test-892	FALSE	TRUE
test-893	FALSE	TRUE
test-894	FALSE	FALSE
test-895	FALSE	FALSE
test-896	FALSE	FALSE
test-897	TRUE	FALSE
test-898	FALSE	TRUE
test-899	FALSE	FALSE
test-900	TRUE	FALSE
test-901	FALSE	FALSE
test-902	TRUE	FALSE
test-903	FALSE	TRUE
test-904	FALSE	FALSE
test-905	FALSE	FALSE
test-906	TRUE	FALSE
test-907	FALSE	TRUE
test-908	TRUE	FALSE
test-909	TRUE	FALSE
test-910	TRUE	TRUE
test-911	TRUE	TRUE
test-912	FALSE	TRUE
test-913	TRUE	FALSE
test-914	FALSE	FALSE
test-915	FALSE	FALSE
test-916	FALSE	FALSE
test-917	FALSE	TRUE
test-918	FALSE	FALSE
test-919	TRUE	TRUE
test-920	FALSE	FALSE
test-921	FALSE	TRUE
test-922	FALSE	FALSE
test-923	FALSE	FALSE
test-924	TRUE	TRUE
test-925	TRUE	TRUE
test-926	FALSE	FALSE
test-927	TRUE	TRUE
test-928	FALSE	FALSE
test-929	FALSE	FALSE
test-930	FALSE	FALSE
test-931	TRUE	TRUE
test-932	FALSE	FALSE
test-933	FALSE	FALSE
test-934	TRUE	TRUE
test-935	FALSE	FALSE
test-936	FALSE	TRUE
test-937	FALSE	FALSE
test-938	FALSE	FALSE
test-939	FALSE	TRUE
test-940	FALSE	FALSE
test-941	TRUE	FALSE
test-942	TRUE	TRUE
test-943	FALSE	TRUE
test-944	TRUE	FALSE
test-945	TRUE	TRUE
test-946	TRUE	TRUE
test-947	TRUE	FALSE
test-948	FALSE	TRUE
test-949	TRUE	TRUE
test-950	FALSE	TRUE
test-951	FALSE	FALSE
test-952	TRUE	FALSE
test-953	FALSE	TRUE
test-954	FALSE	TRUE
test-955	FALSE	TRUE
test-956	FALSE	TRUE
test-957	FALSE	TRUE
test-958	TRUE	FALSE
test-959	TRUE	FALSE
test-960	FALSE	TRUE
test-961	FALSE	FALSE
test-962	FALSE	TRUE
test-963	TRUE	TRUE
test-964	FALSE	FALSE
test-965	TRUE	FALSE
test-966	TRUE	TRUE
test-967	FALSE	FALSE
test-968	TRUE	FALSE
test-969	TRUE	FALSE
test-970	TRUE	FALSE
test-971	FALSE	FALSE
test-972	FALSE	FALSE
test-973	FALSE	FALSE
test-974	TRUE	FALSE
test-975	FALSE	FALSE
test-976	TRUE	FALSE
test-977	FALSE	FALSE
test-978	FALSE	FALSE
test-979	FALSE	FALSE
test-980	FALSE	TRUE
test-981	FALSE	TRUE
test-982	FALSE	TRUE
test-983	FALSE	TRUE
test-984	FALSE	TRUE
test-985	FALSE	FALSE
test-986	TRUE	TRUE
test-987	TRUE	FALSE
test-988	FALSE	TRUE
test-989	FALSE	FALSE
test-990	TRUE	TRUE
test-991	FALSE	FALSE
test-992	TRUE	FALSE
test-993	FALSE	TRUE
test-994	FALSE	TRUE
test-995	TRUE	FALSE
test-996	FALSE	FALSE
test-997	FALSE	TRUE
test-998	TRUE	FALSE
test-999	FALSE	FALSE
test-1000	FALSE	TRUE
test-1001	TRUE	FALSE
test-1002	FALSE	FALSE
test-1003	FALSE	FALSE
test-1004	FALSE	TRUE
test-1005	TRUE	FALSE
test-1006	FALSE	FALSE
test-1007	TRUE	FALSE
test-1008	FALSE	FALSE
test-1009	FALSE	TRUE
test-1010	FALSE	FALSE
test-1011	TRUE	TRUE
test-1012	TRUE	FALSE
test-1013	FALSE	FALSE
test-1014	TRUE	FALSE
test-1015	FALSE	TRUE
test-1016	FALSE	TRUE
test-1017	FALSE	FALSE
test-1018	FALSE	FALSE
test-1019	TRUE	TRUE
test-1020	FALSE	FALSE
test-1021	FALSE	TRUE
test-1022	FALSE	FALSE
test-1023	TRUE	FALSE
test-1024	FALSE	FALSE
test-1025	FALSE	FALSE
test-1026	TRUE	FALSE
test-1027	TRUE	FALSE
test-1028	TRUE	FALSE
test-1029	TRUE	TRUE
test-1030	TRUE	TRUE
test-1031	FALSE	FALSE
test-1032	TRUE	FALSE
test-1033	TRUE	TRUE
test-1034	TRUE	TRUE
test-1035	FALSE	FALSE
test-1036	FALSE	FALSE
test-1037	TRUE	FALSE
test-1038	TRUE	FALSE
test-1039	TRUE	FALSE
test-1040	TRUE	TRUE
test-1041	TRUE	FALSE
test-1042	FALSE	FALSE
test-1043	FALSE	TRUE
test-1044	TRUE	TRUE
test-1045	TRUE	FALSE
test-1046	FALSE	FALSE
test-1047	FALSE	FALSE
test-1048	FALSE	TRUE
test-1049	TRUE	FALSE
test-1050	FALSE	TRUE
test-1051	TRUE	TRUE
test-1052	TRUE	FALSE
test-1053	FALSE	FALSE
test-1054	TRUE	FALSE
test-1055	FALSE	TRUE
test-1056	TRUE	TRUE
test-1057	TRUE	TRUE
test-1058	FALSE	FALSE
test-1059	FALSE	FALSE
test-1060	TRUE	FALSE
test-1061	FALSE	TRUE
test-1062	TRUE	TRUE
test-1063	FALSE	FALSE
test-1064	TRUE	FALSE
test-1065	FALSE	FALSE
test-1066	TRUE	FALSE
test-1067	FALSE	FALSE
test-1068	TRUE	FALSE
test-1069	TRUE	TRUE
test-1070	TRUE	TRUE
test-1071	FALSE	TRUE
test-1072	TRUE	FALSE
test-1073	FALSE	FALSE
test-1074	TRUE	TRUE
test-1075	TRUE	FALSE
test-1076	FALSE	TRUE
test-1077	FALSE	TRUE
test-1078	FALSE	FALSE
test-1079	FALSE	FALSE
test-1080	TRUE	TRUE
test-1081	FALSE	TRUE
test-1082	TRUE	FALSE
test-1083	FALSE	FALSE
test-1084	FALSE	FALSE
test-1085	TRUE	TRUE
test-1086	TRUE	FALSE
test-1087	FALSE	FALSE
test-1088	FALSE	TRUE
test-1089	FALSE	FALSE
test-1090	TRUE	FALSE
test-1091	TRUE	FALSE
test-1092	TRUE	FALSE
test-1093	FALSE	TRUE
test-1094	FALSE	TRUE
test-1095	TRUE	FALSE
test-1096	FALSE	TRUE
test-1097	TRUE	FALSE
test-1098	FALSE	TRUE
test-1099	FALSE	FALSE
test-1100	FALSE	FALSE
test-1101	FALSE	FALSE
test-1102	TRUE	FALSE
test-1103	FALSE	TRUE
test-1104	FALSE	TRUE
test-1105	TRUE	TRUE
test-1106	TRUE	TRUE
test-1107	TRUE	FALSE
test-1108	FALSE	TRUE
test-1109	FALSE	FALSE
test-1110	TRUE	FALSE
test-1111	FALSE	FALSE
test-1112	FALSE	TRUE
test-1113	FALSE	TRUE
test-1114	FALSE	FALSE
test-1115	TRUE	TRUE
test-1116	FALSE	FALSE
test-1117	TRUE	FALSE
test-1118	FALSE	TRUE
test-1119	FALSE	FALSE
test-1120	TRUE	TRUE
test-1121	FALSE	TRUE
test-1122	TRUE	TRUE
test-1123	FALSE	TRUE
test-1124	FALSE	TRUE
test-1125	TRUE	FALSE
test-1126	TRUE	TRUE
test-1127	FALSE	TRUE
test-1128	TRUE	TRUE
test-1129	TRUE	FALSE
test-1130	TRUE	FALSE
test-1131	TRUE	FALSE
test-1132	TRUE	FALSE
test-1133	TRUE	FALSE
test-1134	TRUE	FALSE
test-1135	FALSE	FALSE
test-1136	FALSE	TRUE
test-1137	FALSE	FALSE
test-1138	FALSE	FALSE
test-1139	TRUE	TRUE
test-1140	FALSE	FALSE
test-1141	TRUE	TRUE
test-1142	FALSE	TRUE
test-1143	FALSE	TRUE
test-1144	FALSE	TRUE
test-1145	TRUE	FALSE
test-1146	FALSE	FALSE
test-1147	FALSE	TRUE
test-1148	TRUE	FALSE
test-1149	FALSE	TRUE
test-1150	FALSE	TRUE
test-1151	TRUE	FALSE
test-1152	FALSE	TRUE
test-1153	FALSE	TRUE
test-1154	FALSE	FALSE
test-1155	TRUE	FALSE
test-1156	FALSE	FALSE
test-1157	FALSE	TRUE
test-1158	TRUE	TRUE
test-1159	FALSE	FALSE
test-1160	TRUE	TRUE
test-1161	FALSE	TRUE
test-1162	FALSE	TRUE
test-1163	FALSE	TRUE
test-1164	TRUE	TRUE
test-1165	TRUE	TRUE
test-1166	TRUE	TRUE
test-1167	TRUE	FALSE
test-1168	TRUE	TRUE
test-1169	TRUE	FALSE
test-1170	FALSE	FALSE
test-1171	FALSE	TRUE
test-1172	FALSE	FALSE
test-1173	TRUE	FALSE
test-1174	FALSE	TRUE
test-1175	FALSE	TRUE
test-1176	TRUE	TRUE
test-1177	FALSE	FALSE
test-1178	TRUE	FALSE
test-1179	TRUE	FALSE
test-1180	TRUE	FALSE
test-1181	FALSE	FALSE
test-1182	TRUE	FALSE
test-1183	TRUE	FALSE
test-1184	TRUE	FALSE
test-1185	FALSE	TRUE
test-1186	FALSE	FALSE
test-1187	FALSE	FALSE
test-1188	FALSE	FALSE
test-1189	FALSE	TRUE
test-1190	FALSE	FALSE
test-1191	TRUE	FALSE
test-1192	FALSE	FALSE
test-1193	TRUE	TRUE
test-1194	FALSE	FALSE
test-1195	FALSE	TRUE
test-1196	FALSE	TRUE
test-1197	FALSE	TRUE
test-1198	FALSE	FALSE
test-1199	FALSE	TRUE
test-1200	TRUE	TRUE
test-1201	TRUE	FALSE
test-1202	FALSE	FALSE
test-1203	TRUE	TRUE
test-1204	TRUE	FALSE
test-1205	TRUE	FALSE
test-1206	TRUE	TRUE
test-1207	FALSE	FALSE
test-1208	TRUE	TRUE
test-1209	FALSE	FALSE
test-1210	FALSE	FALSE
test-1211	FALSE	TRUE
test-1212	FALSE	FALSE
test-1213	FALSE	FALSE
test-1214	TRUE	FALSE
test-1215	FALSE	TRUE
test-1216	FALSE	TRUE
test-1217	FALSE	TRUE
test-1218	FALSE	FALSE
test-1219	FALSE	FALSE
test-1220	FALSE	FALSE
test-1221	FALSE	FALSE
test-1222	FALSE	TRUE
test-1223	TRUE	TRUE
test-1224	TRUE	FALSE
test-1225	FALSE	TRUE
test-1226	FALSE	FALSE
test-1227	FALSE	TRUE
test-1228	TRUE	TRUE
test-1229	TRUE	FALSE
test-1230	TRUE	FALSE
test-1231	FALSE	TRUE
test-1232	FALSE	TRUE
test-1233	TRUE	FALSE
test-1234	FALSE	FALSE
test-1235	FALSE	FALSE
test-1236	FALSE	FALSE
test-1237	FALSE	FALSE
test-1238	FALSE	FALSE
test-1239	FALSE	FALSE
test-1240	TRUE	TRUE
test-1241	TRUE	TRUE
test-1242	FALSE	FALSE
test-1243	FALSE	FALSE
test-1244	TRUE	FALSE
test-1245	FALSE	FALSE
test-1246	FALSE	FALSE
test-1247	FALSE	FALSE
test-1248	FALSE	TRUE
test-1249	TRUE	FALSE
test-1250	FALSE	FALSE
test-1251	FALSE	FALSE
test-1252	TRUE	TRUE
test-1253	FALSE	FALSE
test-1254	TRUE	TRUE
test-1255	FALSE	TRUE
test-1256	TRUE	FALSE
test-1257	FALSE	FALSE
test-1258	TRUE	FALSE
test-1259	TRUE	TRUE
test-1260	FALSE	FALSE
test-1261	FALSE	TRUE
test-1262	FALSE	FALSE
test-1263	FALSE	FALSE
test-1264	TRUE	FALSE
test-1265	FALSE	FALSE
test-1266	TRUE	FALSE
test-1267	TRUE	TRUE
test-1268	TRUE	FALSE
test-1269	FALSE	FALSE
test-1270	TRUE	TRUE
test-1271	FALSE	TRUE
test-1272	FALSE	FALSE
test-1273	FALSE	FALSE
test-1274	FALSE	FALSE
test-1275	FALSE	TRUE
test-1276	TRUE	TRUE
test-1277	FALSE	FALSE
test-1278	FALSE	TRUE
test-1279	FALSE	TRUE
test-1280	TRUE	TRUE
test-1281	FALSE	TRUE
test-1282	TRUE	FALSE
test-1283	FALSE	FALSE
test-1284	TRUE	TRUE
test-1285	TRUE	TRUE
test-1286	TRUE	FALSE
test-1287	TRUE	FALSE
test-1288	FALSE	TRUE
test-1289	FALSE	TRUE
test-1290	FALSE	FALSE
test-1291	FALSE	FALSE
test-1292	TRUE	TRUE
test-1293	TRUE	TRUE
test-1294	FALSE	FALSE
test-1295	FALSE	FALSE
test-1296	TRUE	FALSE
test-1297	FALSE	FALSE
test-1298	FALSE	TRUE
test-1299	TRUE	FALSE
test-1300	TRUE	TRUE
test-1301	TRUE	TRUE
test-1302	FALSE	FALSE
test-1303	TRUE	TRUE
test-1304	FALSE	FALSE
test-1305	FALSE	FALSE
test-1306	TRUE	TRUE
test-1307	FALSE	FALSE
test-1308	FALSE	FALSE
test-1309	FALSE	FALSE
test-1310	FALSE	TRUE
test-1311	FALSE	FALSE
test-1312	FALSE	TRUE
test-1313	TRUE	FALSE
test-1314	FALSE	TRUE
test-1315	FALSE	FALSE
test-1316	FALSE	TRUE
test-1317	FALSE	FALSE
test-1318	TRUE	FALSE
test-1319	FALSE	FALSE
test-1320	FALSE	TRUE
test-1321	FALSE	FALSE
test-1322	TRUE	TRUE
test-1323	FALSE	FALSE
test-1324	FALSE	TRUE
test-1325	FALSE	TRUE
test-1326	FALSE	TRUE
test-1327	FALSE	TRUE
test-1328	TRUE	FALSE
test-1329	TRUE	FALSE
test-1330	TRUE	TRUE
test-1331	TRUE	FALSE
test-1332	FALSE	FALSE
test-1333	FALSE	TRUE
test-1334	TRUE	FALSE
test-1335	FALSE	FALSE
test-1336	TRUE	FALSE
test-1337	TRUE	FALSE
test-1338	TRUE	TRUE
test-1339	FALSE	TRUE
test-1340	FALSE	FALSE
test-1341	FALSE	TRUE
test-1342	FALSE	FALSE
test-1343	FALSE	FALSE
test-1344	FALSE	TRUE
test-1345	FALSE	TRUE
test-1346	TRUE	FALSE
test-1347	TRUE	TRUE
test-1348	FALSE	TRUE
test-1349	FALSE	FALSE
test-1350	FALSE	FALSE
test-1351	FALSE	TRUE
test-1352	FALSE	TRUE
test-1353	TRUE	FALSE
test-1354	FALSE	FALSE
test-1355	FALSE	FALSE
test-1356	TRUE	FALSE
test-1357	FALSE	TRUE
test-1358	TRUE	FALSE
test-1359	FALSE	TRUE
test-1360	TRUE	TRUE
test-1361	FALSE	FALSE
test-1362	FALSE	TRUE
test-1363	TRUE	FALSE
test-1364	FALSE	TRUE
test-1365	TRUE	FALSE
test-1366	FALSE	TRUE
test-1367	TRUE	FALSE
test-1368	FALSE	FALSE
test-1369	TRUE	FALSE
test-1370	TRUE	FALSE
test-1371	FALSE	TRUE
test-1372	TRUE	FALSE
test-1373	FALSE	TRUE
test-1374	TRUE	FALSE
test-1375	FALSE	TRUE
test-1376	FALSE	FALSE
test-1377	TRUE	FALSE
test-1378	TRUE	FALSE
test-1379	FALSE	TRUE
test-1380	FALSE	FALSE
test-1381	TRUE	TRUE
test-1382	FALSE	TRUE
test-1383	FALSE	FALSE
test-1384	TRUE	TRUE
test-1385	FALSE	FALSE
test-1386	TRUE	FALSE
test-1387	TRUE	FALSE
test-1388	TRUE	TRUE
test-1389	TRUE	TRUE
test-1390	FALSE	FALSE
test-1391	TRUE	FALSE
test-1392	FALSE	TRUE
test-1393	FALSE	FALSE
test-1394	TRUE	TRUE
test-1395	TRUE	TRUE
test-1396	TRUE	FALSE
test-1397	FALSE	FALSE
test-1398	TRUE	FALSE
test-1399	FALSE	FALSE
test-1400	FALSE	FALSE
test-1401	FALSE	TRUE
test-1402	TRUE	TRUE
test-1403	TRUE	TRUE
test-1404	FALSE	FALSE
test-1405	TRUE	TRUE
test-1406	FALSE	TRUE
test-1407	FALSE	FALSE
test-1408	FALSE	FALSE
test-1409	FALSE	FALSE
test-1410	FALSE	FALSE
test-1411	TRUE	FALSE
test-1412	FALSE	FALSE
test-1413	FALSE	TRUE
test-1414	FALSE	TRUE
test-1415	TRUE	TRUE
test-1416	FALSE	FALSE
test-1417	FALSE	FALSE
test-1418	TRUE	TRUE
test-1419	FALSE	FALSE
test-1420	FALSE	TRUE
test-1421	TRUE	FALSE
test-1422	FALSE	FALSE
test-1423	TRUE	TRUE
test-1424	TRUE	FALSE
test-1425	FALSE	FALSE
test-1426	TRUE	TRUE
test-1427	FALSE	TRUE
test-1428	FALSE	TRUE
test-1429	FALSE	FALSE
test-1430	FALSE	FALSE
test-1431	TRUE	FALSE
test-1432	TRUE	FALSE
test-1433	TRUE	FALSE
test-1434	TRUE	FALSE
test-1435	FALSE	TRUE
test-1436	TRUE	FALSE
test-1437	FALSE	TRUE
test-1438	FALSE	FALSE
test-1439	FALSE	FALSE
test-1440	FALSE	FALSE
test-1441	FALSE	FALSE
test-1442	FALSE	FALSE
test-1443	FALSE	FALSE
test-1444	FALSE	TRUE
test-1445	FALSE	TRUE
test-1446	FALSE	TRUE
test-1447	FALSE	FALSE
test-1448	TRUE	TRUE
test-1449	FALSE	FALSE
test-1450	FALSE	FALSE
test-1451	FALSE	TRUE
test-1452	TRUE	FALSE
test-1453	FALSE	FALSE
test-1454	TRUE	TRUE
test-1455	TRUE	FALSE
test-1456	TRUE	FALSE
test-1457	FALSE	TRUE
test-1458	FALSE	TRUE
test-1459	FALSE	FALSE
test-1460	FALSE	TRUE
test-1461	FALSE	FALSE
test-1462	TRUE	FALSE
test-1463	TRUE	TRUE
test-1464	FALSE	FALSE
test-1465	TRUE	FALSE
test-1466	FALSE	FALSE
test-1467	FALSE	TRUE
test-1468	FALSE	TRUE
test-1469	FALSE	FALSE
test-1470	FALSE	TRUE
test-1471	FALSE	FALSE
test-1472	FALSE	FALSE
test-1473	FALSE	FALSE
test-1474	FALSE	FALSE
test-1475	TRUE	FALSE
test-1476	FALSE	TRUE
test-1477	FALSE	TRUE
test-1478	TRUE	FALSE
test-1479	TRUE	TRUE
test-1480	TRUE	TRUE
test-1481	FALSE	TRUE
test-1482	FALSE	TRUE
test-1483	FALSE	FALSE
test-1484	TRUE	TRUE
test-1485	FALSE	TRUE
test-1486	TRUE	FALSE
test-1487	FALSE	TRUE
test-1488	FALSE	TRUE
test-1489	TRUE	FALSE
test-1490	FALSE	FALSE
test-1491	FALSE	FALSE
test-1492	FALSE	FALSE
test-1493	FALSE	FALSE
test-1494	TRUE	FALSE
test-1495	TRUE	FALSE
test-1496	FALSE	FALSE
test-1497	TRUE	FALSE
test-1498	FALSE	FALSE
test-1499	FALSE	TRUE
test-1500	FALSE	TRUE
test-1501	TRUE	FALSE
test-1502	TRUE	TRUE
test-1503	FALSE	FALSE
test-1504	FALSE	FALSE
test-1505	FALSE	FALSE
test-1506	FALSE	TRUE
test-1507	TRUE	FALSE
test-1508	FALSE	FALSE
test-1509	TRUE	FALSE
test-1510	FALSE	TRUE
test-1511	FALSE	TRUE
test-1512	FALSE	TRUE
test-1513	TRUE	TRUE
test-1514	FALSE	TRUE
test-1515	FALSE	TRUE
test-1516	TRUE	FALSE
test-1517	TRUE	FALSE
test-1518	FALSE	FALSE
test-1519	FALSE	TRUE
test-1520	TRUE	TRUE
test-1521	TRUE	TRUE
test-1522	FALSE	FALSE
test-1523	FALSE	FALSE
test-1524	TRUE	FALSE
test-1525	FALSE	TRUE
test-1526	FALSE	TRUE
test-1527	TRUE	FALSE
test-1528	TRUE	TRUE
test-1529	FALSE	FALSE
test-1530	TRUE	TRUE
test-1531	FALSE	TRUE
test-1532	FALSE	TRUE
test-1533	TRUE	TRUE
test-1534	TRUE	FALSE
test-1535	FALSE	TRUE
test-1536	FALSE	FALSE
test-1537	TRUE	TRUE
test-1538	FALSE	FALSE
test-1539	FALSE	FALSE
test-1540	TRUE	TRUE
test-1541	TRUE	FALSE
test-1542	FALSE	FALSE
test-1543	TRUE	FALSE
test-1544	FALSE	FALSE
test-1545	FALSE	TRUE
test-1546	FALSE	FALSE
test-1547	TRUE	FALSE
test-1548	FALSE	FALSE
test-1549	FALSE	FALSE
test-1550	FALSE	FALSE
test-1551	FALSE	FALSE
test-1552	TRUE	FALSE
test-1553	TRUE	FALSE
test-1554	FALSE	TRUE
test-1555	TRUE	FALSE
test-1556	FALSE	TRUE
test-1557	TRUE	FALSE
test-1558	TRUE	TRUE
test-1559	FALSE	FALSE
test-1560	TRUE	FALSE
test-1561	FALSE	TRUE
test-1562	FALSE	TRUE
test-1563	TRUE	FALSE
test-1564	FALSE	TRUE
test-1565	FALSE	FALSE
test-1566	TRUE	FALSE
test-1567	FALSE	FALSE
test-1568	FALSE	TRUE
test-1569	FALSE	TRUE
test-1570	FALSE	FALSE
test-1571	FALSE	FALSE
test-1572	TRUE	TRUE
test-1573	TRUE	FALSE
test-1574	TRUE	TRUE
test-1575	TRUE	TRUE
test-1576	FALSE	TRUE
test-1577	FALSE	FALSE
test-1578	TRUE	FALSE
test-1579	FALSE	FALSE
test-1580	FALSE	FALSE
test-1581	FALSE	TRUE
test-1582	FALSE	TRUE
test-1583	FALSE	FALSE
test-1584	FALSE	TRUE
test-1585	TRUE	FALSE
test-1586	TRUE	TRUE
test-1587	TRUE	FALSE
test-1588	TRUE	FALSE
test-1589	TRUE	FALSE
test-1590	TRUE	TRUE
test-1591	TRUE	TRUE
test-1592	TRUE	FALSE
test-1593	FALSE	TRUE
test-1594	FALSE	FALSE
test-1595	FALSE	TRUE
test-1596	FALSE	FALSE
test-1597	FALSE	FALSE
test-1598	FALSE	FALSE
test-1599	TRUE	TRUE
test-1600	FALSE	TRUE
test-1601	FALSE	TRUE
test-1602	TRUE	FALSE
test-1603	FALSE	FALSE
test-1604	FALSE	FALSE
test-1605	FALSE	FALSE
test-1606	FALSE	FALSE
test-1607	FALSE	FALSE
test-1608	FALSE	TRUE
test-1609	FALSE	TRUE
test-1610	FALSE	TRUE
test-1611	FALSE	TRUE
test-1612	FALSE	TRUE
test-1613	FALSE	TRUE
test-1614	TRUE	FALSE
test-1615	FALSE	FALSE
test-1616	TRUE	TRUE
test-1617	FALSE	TRUE
test-1618	FALSE	TRUE
test-1619	TRUE	TRUE
test-1620	TRUE	FALSE
test-1621	FALSE	FALSE
test-1622	TRUE	FALSE
test-1623	FALSE	TRUE
test-1624	TRUE	FALSE
test-1625	TRUE	TRUE
test-1626	TRUE	FALSE
test-1627	TRUE	FALSE
test-1628	TRUE	FALSE
test-1629	FALSE	TRUE
test-1630	FALSE	TRUE
test-1631	TRUE	FALSE
test-1632	FALSE	TRUE
test-1633	FALSE	FALSE
test-1634	FALSE	FALSE
test-1635	TRUE	FALSE
test-1636	TRUE	TRUE
test-1637	FALSE	FALSE
test-1638	TRUE	TRUE
test-1639	FALSE	TRUE
test-1640	FALSE	FALSE
test-1641	TRUE	TRUE
test-1642	FALSE	FALSE
test-1643	TRUE	TRUE
test-1644	TRUE	FALSE
test-1645	TRUE	FALSE
test-1646	FALSE	TRUE
test-1647	FALSE	TRUE
test-1648	TRUE	TRUE
test-1649	TRUE	TRUE
test-1650	TRUE	FALSE
test-1651	FALSE	TRUE
test-1652	TRUE	FALSE
test-1653	TRUE	TRUE
test-1654	TRUE	TRUE
test-1655	TRUE	FALSE
test-1656	FALSE	TRUE
test-1657	FALSE	FALSE
test-1658	TRUE	TRUE
test-1659	TRUE	FALSE
test-1660	TRUE	FALSE
test-1661	FALSE	FALSE
test-1662	TRUE	FALSE
test-1663	TRUE	FALSE
test-1664	FALSE	FALSE
test-1665	FALSE	FALSE
test-1666	FALSE	TRUE
test-1667	TRUE	FALSE
test-1668	FALSE	FALSE
test-1669	TRUE	FALSE
test-1670	TRUE	TRUE
test-1671	TRUE	FALSE
test-1672	FALSE	TRUE
test-1673	TRUE	FALSE
test-1674	FALSE	TRUE
test-1675	FALSE	TRUE
test-1676	TRUE	FALSE
test-1677	FALSE	TRUE
test-1678	TRUE	FALSE
test-1679	TRUE	FALSE
test-1680	FALSE	TRUE
test-1681	FALSE	FALSE
test-1682	TRUE	TRUE
test-1683	TRUE	FALSE
test-1684	TRUE	TRUE
test-1685	TRUE	TRUE
test-1686	FALSE	FALSE
test-1687	FALSE	FALSE
test-1688	FALSE	FALSE
test-1689	FALSE	FALSE
test-1690	FALSE	FALSE
test-1691	TRUE	TRUE
test-1692	TRUE	FALSE
test-1693	FALSE	FALSE
test-1694	FALSE	TRUE
test-1695	FALSE	FALSE
test-1696	TRUE	FALSE
test-1697	TRUE	FALSE
test-1698	FALSE	FALSE
test-1699	TRUE	FALSE
test-1700	TRUE	FALSE
test-1701	TRUE	FALSE
test-1702	FALSE	TRUE
test-1703	FALSE	FALSE
test-1704	FALSE	FALSE
test-1705	FALSE	FALSE
test-1706	TRUE	TRUE
test-1707	TRUE	FALSE
test-1708	FALSE	TRUE
test-1709	TRUE	FALSE
test-1710	TRUE	FALSE
test-1711	FALSE	FALSE
test-1712	FALSE	FALSE
test-1713	TRUE	FALSE
test-1714	FALSE	TRUE
test-1715	FALSE	FALSE
test-1716	FALSE	FALSE
test-1717	TRUE	TRUE
test-1718	TRUE	FALSE
test-1719	FALSE	FALSE
test-1720	FALSE	TRUE
test-1721	FALSE	FALSE
test-1722	FALSE	TRUE
test-1723	FALSE	FALSE
test-1724	TRUE	FALSE
test-1725	FALSE	TRUE
test-1726	FALSE	TRUE
test-1727	FALSE	FALSE
test-1728	FALSE	FALSE
test-1729	TRUE	FALSE
test-1730	TRUE	FALSE
test-1731	TRUE	TRUE
test-1732	FALSE	TRUE
test-1733	FALSE	FALSE
test-1734	FALSE	FALSE
test-1735	FALSE	TRUE
test-1736	FALSE	FALSE
test-1737	FALSE	FALSE
test-1738	FALSE	FALSE
test-1739	TRUE	FALSE
test-1740	FALSE	TRUE
test-1741	TRUE	FALSE
test-1742	TRUE	TRUE
test-1743	TRUE	FALSE
test-1744	FALSE	TRUE
test-1745	FALSE	FALSE
test-1746	TRUE	FALSE
test-1747	TRUE	TRUE
test-1748	TRUE	FALSE
test-1749	TRUE	FALSE
test-1750	FALSE	FALSE
test-1751	TRUE	FALSE
test-1752	FALSE	FALSE
test-1753	TRUE	TRUE
test-1754	FALSE	TRUE
test-1755	FALSE	FALSE
test-1756	TRUE	TRUE
test-1757	FALSE	FALSE
test-1758	TRUE	FALSE
test-1759	TRUE	TRUE
test-1760	TRUE	TRUE
test-1761	TRUE	TRUE
test-1762	TRUE	FALSE
test-1763	TRUE	FALSE
test-1764	TRUE	FALSE
test-1765	FALSE	FALSE
test-1766	FALSE	FALSE
test-1767	FALSE	FALSE
test-1768	FALSE	TRUE
test-1769	FALSE	TRUE
test-1770	TRUE	FALSE
test-1771	TRUE	FALSE
test-1772	FALSE	FALSE
test-1773	FALSE	TRUE
test-1774	TRUE	FALSE
test-1775	TRUE	FALSE
test-1776	FALSE	TRUE
test-1777	FALSE	FALSE
test-1778	FALSE	FALSE
test-1779	FALSE	TRUE
test-1780	FALSE	TRUE
test-1781	TRUE	TRUE
test-1782	FALSE	TRUE
test-1783	TRUE	FALSE
test-1784	TRUE	FALSE
test-1785	FALSE	FALSE
test-1786	TRUE	TRUE
test-1787	TRUE	TRUE
test-1788	FALSE	FALSE
test-1789	TRUE	TRUE
test-1790	FALSE	FALSE
test-1791	FALSE	TRUE
test-1792	FALSE	FALSE
test-1793	FALSE	FALSE
test-1794	FALSE	TRUE
test-1795	TRUE	FALSE
test-1796	TRUE	FALSE
test-1797	TRUE	TRUE
test-1798	FALSE	TRUE
test-1799	FALSE	FALSE
test-1800	FALSE	TRUE
test-1801	TRUE	FALSE
test-1802	FALSE	FALSE
test-1803	TRUE	FALSE
test-1804	TRUE	FALSE
test-1805	TRUE	FALSE
test-1806	TRUE	FALSE
test-1807	TRUE	TRUE
test-1808	TRUE	FALSE
test-1809	TRUE	TRUE
test-1810	TRUE	FALSE
test-1811	TRUE	FALSE
test-1812	TRUE	FALSE
test-1813	TRUE	FALSE
test-1814	FALSE	FALSE
test-1815	TRUE	TRUE
test-1816	TRUE	TRUE
test-1817	FALSE	TRUE
test-1818	FALSE	TRUE
test-1819	FALSE	TRUE
test-1820	TRUE	FALSE
test-1821	TRUE	FALSE
test-1822	TRUE	FALSE
test-1823	TRUE	TRUE
test-1824	FALSE	FALSE
test-1825	TRUE	FALSE
test-1826	TRUE	TRUE
test-1827	FALSE	FALSE
test-1828	FALSE	FALSE
test-1829	TRUE	FALSE
test-1830	FALSE	TRUE
test-1831	TRUE	FALSE
test-1832	FALSE	TRUE
test-1833	FALSE	FALSE
test-1834	FALSE	FALSE
test-1835	FALSE	TRUE
test-1836	TRUE	FALSE
test-1837	TRUE	TRUE
test-1838	TRUE	FALSE
test-1839	FALSE	FALSE
test-1840	FALSE	TRUE
test-1841	FALSE	FALSE
test-1842	TRUE	FALSE
test-1843	TRUE	FALSE
test-1844	FALSE	TRUE
test-1845	FALSE	TRUE
test-1846	TRUE	TRUE
test-1847	FALSE	FALSE
test-1848	FALSE	TRUE
test-1849	FALSE	TRUE
test-1850	TRUE	TRUE
test-1851	FALSE	TRUE
test-1852	TRUE	TRUE
test-1853	TRUE	FALSE
test-1854	TRUE	TRUE
test-1855	TRUE	FALSE
test-1856	FALSE	FALSE
test-1857	FALSE	FALSE
test-1858	TRUE	FALSE
test-1859	FALSE	TRUE
test-1860	TRUE	FALSE
test-1861	TRUE	FALSE
test-1862	FALSE	TRUE
test-1863	FALSE	FALSE
test-1864	FALSE	TRUE
test-1865	TRUE	TRUE
test-1866	TRUE	TRUE
test-1867	FALSE	TRUE
test-1868	TRUE	FALSE
test-1869	TRUE	TRUE
test-1870	FALSE	TRUE
test-1871	TRUE	FALSE
test-1872	FALSE	TRUE
test-1873	TRUE	TRUE
test-1874	TRUE	TRUE
test-1875	TRUE	TRUE
test-1876	TRUE	TRUE
test-1877	TRUE	TRUE
test-1878	TRUE	TRUE
test-1879	TRUE	FALSE
test-1880	FALSE	TRUE
test-1881	FALSE	FALSE
test-1882	FALSE	TRUE
test-1883	TRUE	FALSE
test-1884	TRUE	FALSE
test-1885	TRUE	FALSE
test-1886	FALSE	FALSE
test-1887	FALSE	FALSE
test-1888	TRUE	FALSE
test-1889	FALSE	FALSE
test-1890	FALSE	FALSE
test-1891	TRUE	TRUE
test-1892	FALSE	TRUE
test-1893	TRUE	FALSE
test-1894	TRUE	FALSE
test-1895	TRUE	TRUE
test-1896	TRUE	TRUE
test-1897	FALSE	TRUE
test-1898	FALSE	TRUE
test-1899	TRUE	FALSE
test-1900	FALSE	FALSE
test-1901	TRUE	TRUE
test-1902	TRUE	TRUE
test-1903	FALSE	FALSE
test-1904	FALSE	TRUE
test-1905	FALSE	TRUE
test-1906	TRUE	FALSE
test-1907	TRUE	TRUE
test-1908	TRUE	TRUE
test-1909	TRUE	FALSE
test-1910	TRUE	FALSE
test-1911	TRUE	TRUE
test-1912	TRUE	FALSE
test-1913	TRUE	FALSE
test-1914	FALSE	TRUE
test-1915	TRUE	TRUE
test-1916	FALSE	TRUE
test-1917	TRUE	FALSE
test-1918	FALSE	FALSE
test-1919	TRUE	TRUE
test-1920	TRUE	FALSE
test-1921	FALSE	FALSE
test-1922	FALSE	FALSE
test-1923	FALSE	FALSE
test-1924	FALSE	TRUE
test-1925	FALSE	FALSE
test-1926	FALSE	FALSE
test-1927	FALSE	FALSE
test-1928	TRUE	FALSE
test-1929	TRUE	FALSE
test-1930	TRUE	FALSE
test-1931	FALSE	TRUE
test-1932	FALSE	FALSE
test-1933	FALSE	FALSE
test-1934	TRUE	FALSE
test-1935	TRUE	FALSE
test-1936	TRUE	FALSE
test-1937	TRUE	TRUE
test-1938	FALSE	FALSE
test-1939	TRUE	FALSE
test-1940	TRUE	FALSE
test-1941	FALSE	TRUE
test-1942	TRUE	FALSE
test-1943	FALSE	TRUE
test-1944	TRUE	FALSE
test-1945	TRUE	TRUE
test-1946	FALSE	FALSE
test-1947	FALSE	TRUE
test-1948	TRUE	TRUE
test-1949	TRUE	FALSE
test-1950	FALSE	TRUE
test-1951	TRUE	FALSE
test-1952	TRUE	TRUE
test-1953	TRUE	FALSE
test-1954	FALSE	TRUE
test-1955	FALSE	TRUE
test-1956	TRUE	FALSE
test-1957	FALSE	TRUE
test-1958	TRUE	TRUE
test-1959	FALSE	FALSE
test-1960	FALSE	FALSE
test-1961	FALSE	FALSE
test-1962	FALSE	FALSE
test-1963	FALSE	TRUE
test-1964	FALSE	FALSE
test-1965	FALSE	TRUE
test-1966	FALSE	TRUE
test-1967	TRUE	TRUE
test-1968	TRUE	TRUE
test-1969	FALSE	FALSE
test-1970	FALSE	FALSE
test-1971	FALSE	FALSE
test-1972	FALSE	TRUE
test-1973	TRUE	FALSE
test-1974	FALSE	TRUE
test-1975	FALSE	TRUE
test-1976	FALSE	FALSE
test-1977	TRUE	FALSE
test-1978	FALSE	FALSE
test-1979	TRUE	FALSE
test-1980	TRUE	FALSE
test-1981	FALSE	TRUE
test-1982	FALSE	FALSE
test-1983	FALSE	FALSE
test-1984	FALSE	TRUE
test-1985	TRUE	FALSE
test-1986	FALSE	FALSE
test-1987	FALSE	FALSE
test-1988	TRUE	TRUE
test-1989	FALSE	TRUE
test-1990	FALSE	FALSE
test-1991	TRUE	TRUE
test-1992	FALSE	FALSE
test-1993	FALSE	FALSE
test-1994	FALSE	TRUE
test-1995	TRUE	FALSE
test-1996	TRUE	FALSE
test-1997	FALSE	FALSE
test-1998	FALSE	FALSE
test-1999	TRUE	TRUE
test-2000	FALSE	FALSE
